{"cameraMode":{"drawMode":0,"name":"Shaded","section":"Shading Mode"},"sceneLighting":false,"audioPlay":false,"sceneViewState":{"m_AlwaysRefresh":false,"showFog":true,"showSkybox":false,"showFlares":true,"showImageEffects":true,"showParticleSystems":true,"showVisualEffectGraphs":true,"m_FxEnabled":true},"in2DMode":false,"pivot":{"x":-10.321989059448243,"y":1.0769693851470948,"z":10.241165161132813},"rotation":{"x":0.0005893669440411031,"y":0.09853873401880264,"z":0.0000486632707179524,"w":-0.9951490759849548},"size":1.8492379188537598,"orthographic":true}