{"cameraMode":{"drawMode":0,"name":"Shaded","section":"Shading Mode"},"sceneLighting":true,"audioPlay":false,"sceneViewState":{"m_AlwaysRefresh":false,"showFog":true,"showSkybox":true,"showFlares":true,"showImageEffects":true,"showParticleSystems":true,"showVisualEffectGraphs":true,"m_FxEnabled":true},"in2DMode":false,"pivot":{"x":782.3253784179688,"y":219.89047241210938,"z":45.282752990722659},"rotation":{"x":-0.09479919821023941,"y":0.0974869653582573,"z":-0.009349302388727665,"w":-0.9906908273696899},"size":219.82583618164063,"orthographic":false}