{"cameraMode":{"drawMode":0,"name":"Shaded","section":"Shading Mode"},"sceneLighting":true,"audioPlay":false,"sceneViewState":{"m_AlwaysRefresh":false,"showFog":true,"showSkybox":true,"showFlares":true,"showImageEffects":true,"showParticleSystems":true,"showVisualEffectGraphs":true,"m_FxEnabled":true},"in2DMode":false,"pivot":{"x":5.3877668380737309,"y":-10.677766799926758,"z":17.824172973632814},"rotation":{"x":-0.26578885316848757,"y":0.10300254821777344,"z":-0.028574829921126367,"w":-0.9580920338630676},"size":16.997459411621095,"orthographic":false}