{"cameraMode":{"drawMode":0,"name":"Shaded","section":"Shading Mode"},"sceneLighting":true,"audioPlay":false,"sceneViewState":{"m_AlwaysRefresh":false,"showFog":true,"showSkybox":true,"showFlares":true,"showImageEffects":true,"showParticleSystems":true,"showVisualEffectGraphs":true,"m_FxEnabled":true},"in2DMode":false,"pivot":{"x":15.696274757385254,"y":3.070333480834961,"z":6.591960906982422},"rotation":{"x":-0.1517893373966217,"y":0.018369590863585473,"z":-0.0028448584489524366,"w":-0.9882632493972778},"size":13.980844497680664,"orthographic":false}