{"cameraMode":{"drawMode":0,"name":"Shaded","section":"Shading Mode"},"sceneLighting":false,"audioPlay":false,"sceneViewState":{"m_AlwaysRefresh":false,"showFog":true,"showSkybox":false,"showFlares":true,"showImageEffects":true,"showParticleSystems":true,"showVisualEffectGraphs":true,"m_FxEnabled":true},"in2DMode":false,"pivot":{"x":11.862550735473633,"y":0.87619948387146,"z":9.711755752563477},"rotation":{"x":0.002091073663905263,"y":-0.003303053556010127,"z":0.000005283591235638596,"w":-1.0000040531158448},"size":2.2127158641815187,"orthographic":true}