{"cameraMode":{"drawMode":0,"name":"Shaded","section":"Shading Mode"},"sceneLighting":false,"audioPlay":false,"sceneViewState":{"m_AlwaysRefresh":false,"showFog":true,"showSkybox":false,"showFlares":true,"showImageEffects":true,"showParticleSystems":true,"showVisualEffectGraphs":true,"m_FxEnabled":true},"in2DMode":false,"pivot":{"x":-2.4371657371520998,"y":1.4948245286941529,"z":8.542007446289063},"rotation":{"x":-0.039558544754981998,"y":0.5500814914703369,"z":-0.026097455993294717,"w":-0.833774745464325},"size":2.5420804023742677,"orthographic":true}