{"cameraMode":{"drawMode":0,"name":"Shaded","section":"Shading Mode"},"sceneLighting":false,"audioPlay":false,"sceneViewState":{"m_AlwaysRefresh":false,"showFog":true,"showSkybox":false,"showFlares":true,"showImageEffects":true,"showParticleSystems":true,"showVisualEffectGraphs":true,"m_FxEnabled":true},"in2DMode":false,"pivot":{"x":-0.6680560111999512,"y":1.3723278045654297,"z":-0.49088573455810549},"rotation":{"x":-0.12462779879570008,"y":0.049684636294841769,"z":-0.006248828023672104,"w":-0.990944504737854},"size":11.032905578613282,"orthographic":false}