{"cameraMode":{"drawMode":0,"name":"Shaded","section":"Shading Mode"},"sceneLighting":true,"audioPlay":false,"sceneViewState":{"m_AlwaysRefresh":false,"showFog":true,"showSkybox":true,"showFlares":true,"showImageEffects":true,"showParticleSystems":true,"showVisualEffectGraphs":true,"m_FxEnabled":true},"in2DMode":false,"pivot":{"x":-0.7490224838256836,"y":0.8332052230834961,"z":-0.5043087005615234},"rotation":{"x":-0.05396701768040657,"y":0.9245021939277649,"z":-0.14285612106323243,"w":-0.3492516279220581},"size":8.113316535949707,"orthographic":false}