{"cameraMode":{"drawMode":0,"name":"Shaded","section":"Shading Mode"},"sceneLighting":true,"audioPlay":false,"sceneViewState":{"m_AlwaysRefresh":false,"showFog":true,"showSkybox":true,"showFlares":true,"showImageEffects":true,"showParticleSystems":true,"showVisualEffectGraphs":true,"m_FxEnabled":true},"in2DMode":false,"pivot":{"x":-4.718874931335449,"y":3.8315296173095705,"z":3.1599502563476564},"rotation":{"x":-0.04163731262087822,"y":0.8661202788352966,"z":-0.07319579273462296,"w":-0.49269139766693118},"size":8.775673866271973,"orthographic":false}